,accuracy,precision,recall,auroc,auprc,f1_score,tn:,fp,fn,tp,negative predictive value,specificity
0,0.47305389221556887,0.34843205574912894,0.5649717514124294,0.4939056287926345,0.35054688355527774,0.4310344827586207,137,187,77,100,0.6401869158878505,0.4228395061728395
