,name,accuracy,precision,recall,auroc,auprc,f1_score,tn:,fp,fn,tp,negative predictive value,specificity
0,prompt 2,0.5448275862068965,0.390625,0.4807692307692308,0.5307071960297767,0.3740073773209549,0.43103448275862066,54,39,27,25,0.6666666666666666,0.5806451612903226
