,name,accuracy,precision,recall,auroc,auprc,f1_score,tn:,fp,fn,tp,negative predictive value,specificity
0,prompt 3,0.34306569343065696,0.2828282828282828,0.5957446808510638,0.40342789598108747,0.3071795764760511,0.3835616438356164,19,71,19,28,0.5,0.2111111111111111
