,accuracy,precision,recall,auroc,auprc,f1_score,tn:,fp,fn,tp,negative predictive value,specificity
0,0.4178082191780822,0.31868131868131866,0.5576923076923077,0.4490589198036007,0.3352603666091548,0.40559440559440557,32,62,23,29,0.5818181818181818,0.3404255319148936
